-- phpMyAdmin SQL Dump
-- version 5.2.0
-- https://www.phpmyadmin.net/
--
-- Anamakine: localhost
-- Üretim Zamanı: 12 Eyl 2022, 02:04:26
-- Sunucu sürümü: 10.4.21-MariaDB
-- PHP Sürümü: 8.0.19

SET SQL_MODE = "NO_AUTO_VALUE_ON_ZERO";
START TRANSACTION;
SET time_zone = "+00:00";


/*!40101 SET @OLD_CHARACTER_SET_CLIENT=@@CHARACTER_SET_CLIENT */;
/*!40101 SET @OLD_CHARACTER_SET_RESULTS=@@CHARACTER_SET_RESULTS */;
/*!40101 SET @OLD_COLLATION_CONNECTION=@@COLLATION_CONNECTION */;
/*!40101 SET NAMES utf8mb4 */;

--
-- Veritabanı: `teknokoz_db`
--

-- --------------------------------------------------------

--
-- Tablo için tablo yapısı `categories`
--

CREATE TABLE `categories` (
  `id` bigint(20) UNSIGNED NOT NULL,
  `name` varchar(255) COLLATE utf8mb4_unicode_ci NOT NULL,
  `content` longtext COLLATE utf8mb4_unicode_ci NOT NULL,
  `image` varchar(255) COLLATE utf8mb4_unicode_ci DEFAULT NULL,
  `created_at` timestamp NULL DEFAULT NULL,
  `updated_at` timestamp NULL DEFAULT NULL
) ENGINE=InnoDB DEFAULT CHARSET=utf8mb4 COLLATE=utf8mb4_unicode_ci;

--
-- Tablo döküm verisi `categories`
--

INSERT INTO `categories` (`id`, `name`, `content`, `image`, `created_at`, `updated_at`) VALUES
(44, 'Bilgisayar', 'Macbook Air 13\"', 'http://127.0.0.1:8000/images/categories/268810.png', '2022-09-06 18:15:26', '2022-09-06 18:16:50'),
(45, 'Mouse', 'Logitech', 'http://127.0.0.1:8000/images/categories/150660.png', '2022-09-06 18:18:47', '2022-09-06 18:20:36'),
(46, 'Klavye', 'Rampage', 'http://127.0.0.1:8000/images/categories/376418.png', '2022-09-06 18:21:40', '2022-09-11 21:01:40'),
(50, 'Bilgisayar', 'Macbook Air 13\"', 'http://127.0.0.1:8000/images/categories/268810.png', '2022-09-06 18:15:26', '2022-09-06 18:16:50'),
(51, 'Mouse', 'Logitech', 'http://127.0.0.1:8000/images/categories/150660.png', '2022-09-06 18:18:47', '2022-09-06 18:20:36'),
(52, 'Klavye', 'Rampage', 'http://127.0.0.1:8000/images/categories/114121.png', '2022-09-06 18:21:40', '2022-09-11 21:01:51'),
(53, 'Bilgisayar', 'Macbook Air 13\"', 'http://127.0.0.1:8000/images/categories/268810.png', '2022-09-06 18:15:26', '2022-09-06 18:16:50'),
(54, 'Mouse', 'Logitech', 'http://127.0.0.1:8000/images/categories/150660.png', '2022-09-06 18:18:47', '2022-09-06 18:20:36'),
(55, 'Klavye', 'Rampage', 'http://127.0.0.1:8000/images/categories/343345.png', '2022-09-06 18:21:40', '2022-09-11 21:01:59'),
(56, 'Bilgisayar', 'Macbook Air 13\"', 'http://127.0.0.1:8000/images/categories/268810.png', '2022-09-06 18:15:26', '2022-09-06 18:16:50'),
(57, 'Mouse', 'Logitech', 'http://127.0.0.1:8000/images/categories/150660.png', '2022-09-06 18:18:47', '2022-09-06 18:20:36'),
(58, 'Klavye', 'Rampage', 'http://127.0.0.1:8000/images/categories/791131.png', '2022-09-06 18:21:40', '2022-09-11 21:02:08'),
(59, 'Bilgisayar', 'Macbook Air 13\"', 'http://127.0.0.1:8000/images/categories/268810.png', '2022-09-06 18:15:26', '2022-09-06 18:16:50'),
(60, 'Mouse', 'Logitech', 'http://127.0.0.1:8000/images/categories/150660.png', '2022-09-06 18:18:47', '2022-09-06 18:20:36'),
(61, 'Klavye', 'Rampage', 'http://127.0.0.1:8000/images/categories/681660.png', '2022-09-06 18:21:40', '2022-09-11 21:02:19'),
(62, 'Bilgisayar', 'Macbook Air 13\"', 'http://127.0.0.1:8000/images/categories/268810.png', '2022-09-06 18:15:26', '2022-09-06 18:16:50'),
(63, 'Mouse', 'Logitech', 'http://127.0.0.1:8000/images/categories/150660.png', '2022-09-06 18:18:47', '2022-09-06 18:20:36'),
(64, 'Klavye', 'Rampage', 'http://127.0.0.1:8000/images/categories/921945.png', '2022-09-06 18:21:40', '2022-09-11 21:02:29'),
(65, 'Bilgisayar', 'Macbook Air 13\"', 'http://127.0.0.1:8000/images/categories/268810.png', '2022-09-06 18:15:26', '2022-09-06 18:16:50'),
(66, 'Mouse', 'Logitech', 'http://127.0.0.1:8000/images/categories/150660.png', '2022-09-06 18:18:47', '2022-09-06 18:20:36'),
(67, 'Klavye', 'Rampage', 'http://127.0.0.1:8000/images/categories/749578.png', '2022-09-06 18:21:40', '2022-09-11 21:02:40'),
(68, 'Bilgisayar', 'Macbook Air 13\"', 'http://127.0.0.1:8000/images/categories/268810.png', '2022-09-06 18:15:26', '2022-09-06 18:16:50'),
(69, 'Mouse', 'Logitech', 'http://127.0.0.1:8000/images/categories/150660.png', '2022-09-06 18:18:47', '2022-09-06 18:20:36'),
(71, 'gds', 'aaaa', 'http://127.0.0.1:8000/images/categories/245147.jpg', '2022-09-11 19:30:39', '2022-09-11 19:30:39'),
(72, 'test', 'tt', 'http://127.0.0.1:8000/images/categories/506877.jpg', '2022-09-11 19:31:24', '2022-09-11 19:31:24');

-- --------------------------------------------------------

--
-- Tablo için tablo yapısı `failed_jobs`
--

CREATE TABLE `failed_jobs` (
  `id` bigint(20) UNSIGNED NOT NULL,
  `uuid` varchar(255) COLLATE utf8mb4_unicode_ci NOT NULL,
  `connection` text COLLATE utf8mb4_unicode_ci NOT NULL,
  `queue` text COLLATE utf8mb4_unicode_ci NOT NULL,
  `payload` longtext COLLATE utf8mb4_unicode_ci NOT NULL,
  `exception` longtext COLLATE utf8mb4_unicode_ci NOT NULL,
  `failed_at` timestamp NOT NULL DEFAULT current_timestamp()
) ENGINE=InnoDB DEFAULT CHARSET=utf8mb4 COLLATE=utf8mb4_unicode_ci;

-- --------------------------------------------------------

--
-- Tablo için tablo yapısı `migrations`
--

CREATE TABLE `migrations` (
  `id` int(10) UNSIGNED NOT NULL,
  `migration` varchar(255) COLLATE utf8mb4_unicode_ci NOT NULL,
  `batch` int(11) NOT NULL
) ENGINE=InnoDB DEFAULT CHARSET=utf8mb4 COLLATE=utf8mb4_unicode_ci;

--
-- Tablo döküm verisi `migrations`
--

INSERT INTO `migrations` (`id`, `migration`, `batch`) VALUES
(24, '2014_10_12_000000_create_users_table', 1),
(25, '2014_10_12_100000_create_password_resets_table', 1),
(26, '2014_10_12_100001_create_roles_table', 1),
(27, '2014_10_12_100002_create_user_roles_table', 1),
(28, '2016_06_01_000001_create_oauth_auth_codes_table', 1),
(29, '2016_06_01_000002_create_oauth_access_tokens_table', 1),
(30, '2016_06_01_000003_create_oauth_refresh_tokens_table', 1),
(31, '2016_06_01_000004_create_oauth_clients_table', 1),
(32, '2016_06_01_000005_create_oauth_personal_access_clients_table', 1),
(33, '2019_08_19_000000_create_failed_jobs_table', 1),
(34, '2019_12_14_000001_create_personal_access_tokens_table', 1),
(37, '2022_09_03_130303_create_categories_table', 2);

-- --------------------------------------------------------

--
-- Tablo için tablo yapısı `oauth_access_tokens`
--

CREATE TABLE `oauth_access_tokens` (
  `id` varchar(100) COLLATE utf8mb4_unicode_ci NOT NULL,
  `user_id` bigint(20) UNSIGNED DEFAULT NULL,
  `client_id` bigint(20) UNSIGNED NOT NULL,
  `name` varchar(255) COLLATE utf8mb4_unicode_ci DEFAULT NULL,
  `scopes` text COLLATE utf8mb4_unicode_ci DEFAULT NULL,
  `revoked` tinyint(1) NOT NULL,
  `created_at` timestamp NULL DEFAULT NULL,
  `updated_at` timestamp NULL DEFAULT NULL,
  `expires_at` datetime DEFAULT NULL
) ENGINE=InnoDB DEFAULT CHARSET=utf8mb4 COLLATE=utf8mb4_unicode_ci;

--
-- Tablo döküm verisi `oauth_access_tokens`
--

INSERT INTO `oauth_access_tokens` (`id`, `user_id`, `client_id`, `name`, `scopes`, `revoked`, `created_at`, `updated_at`, `expires_at`) VALUES
('00493b9728b48fdf0d15d9dc80be7f39c71b93dd6d591d9e71621c57fd58dbd6ae2e0ffbb34da8d3', 1, 4, NULL, '[]', 0, '2022-09-11 17:44:13', '2022-09-11 17:44:13', '2023-09-11 20:44:13'),
('004f07dcc2ff1ffad139f595879ea7a37bc5780be8e8787d7f8eb4a981397ad6436e2e0c0feff493', 1, 4, NULL, '[]', 0, '2022-09-03 18:15:25', '2022-09-03 18:15:25', '2023-09-03 21:15:25'),
('02cee44dab393d09fe0c482be808cb47dc7eabeaa4936133a22ef8236acc891915a022992c0e3152', 1, 4, NULL, '[]', 0, '2022-09-04 09:31:59', '2022-09-04 09:31:59', '2023-09-04 12:31:59'),
('06ce8cf6f70aee05ad5650623086c1b131da9188f951e53df5f4b61a87b39ac2b2828a8bdd104c53', 1, 4, NULL, '[]', 0, '2022-09-04 11:00:41', '2022-09-04 11:00:41', '2023-09-04 14:00:41'),
('0a667cbd3849b8f5e6bd8344d9ef991b364f7d117927eb38ee762234a586b028cddbfd382a749641', 1, 4, NULL, '[]', 0, '2022-09-03 18:31:29', '2022-09-03 18:31:29', '2023-09-03 21:31:29'),
('0baabf12bdd9015282a7f83598a9d51d895cf5993607a6a5585d8602ef5f8c02bdde9171783580ec', 1, 4, NULL, '[]', 0, '2022-09-03 16:36:06', '2022-09-03 16:36:06', '2023-09-03 19:36:06'),
('0d053460c1aa269f352ec746a18919d8803149f9cb6ef047c669dab2e2b755883f6862c01e45ce9d', 1, 4, NULL, '[]', 0, '2022-09-03 20:22:16', '2022-09-03 20:22:16', '2023-09-03 23:22:16'),
('0ea9e4252e7aa281883f943fc4c87ddcdac743cd38cda5ead2f1d769aa8643b1a00d14ed510a8656', 1, 4, NULL, '[]', 0, '2022-09-05 11:35:21', '2022-09-05 11:35:21', '2023-09-05 14:35:21'),
('0f44ab5765b096143f43faa1b396d9410277fa7da6032949898b41ae1ec1c350e9cea0cd958f8eb1', 1, 4, NULL, '[]', 0, '2022-09-09 09:19:10', '2022-09-09 09:19:10', '2023-09-09 12:19:10'),
('0fe4d451921b5db1a744dc7519625593dbbdeaf786f0228b9eaf8f4e4e4e59f21ccdf568cffbafc0', 1, 4, NULL, '[]', 0, '2022-09-04 08:56:30', '2022-09-04 08:56:30', '2023-09-04 11:56:30'),
('10b1cbd0f4374fe232afdf3b70d34ec027638b371c08c1cfdda67d35d13a2dadfbf30f3804f0fa86', 1, 4, NULL, '[]', 0, '2022-09-04 11:34:29', '2022-09-04 11:34:29', '2023-09-04 14:34:29'),
('1257e6a7c06784693a17065ac3173b42654cab52fc437fcda75ac0bbfb9e22ad361dcbb854f08737', 1, 4, NULL, '[]', 0, '2022-09-11 20:31:13', '2022-09-11 20:31:13', '2023-09-11 23:31:13'),
('12fb7da682952c082784d2b4fe4967327aa9ed114800ff24f8f843a6251453dd0c9130e6863badbe', 1, 4, NULL, '[]', 0, '2022-09-03 20:08:33', '2022-09-03 20:08:33', '2023-09-03 23:08:33'),
('163aa806d3ef26b604c0cd28348b18013be4a89a30cf7c17c1b07795c84efaa10133bdb896a97c94', 1, 4, NULL, '[]', 0, '2022-09-11 20:38:21', '2022-09-11 20:38:21', '2023-09-11 23:38:21'),
('167e60880199e3c02a8419350858ae509c2325b954cb91a304b24782aedd4f06323addb7e356dfd7', 1, 4, NULL, '[]', 0, '2022-09-11 17:44:07', '2022-09-11 17:44:07', '2023-09-11 20:44:07'),
('1848be33e1dcf0b5bbf134dc35b9059f228f05b89ecf0538b2c907933c024d5a6868a3c22fb3b6c2', 1, 4, NULL, '[]', 0, '2022-09-03 20:09:57', '2022-09-03 20:09:57', '2023-09-03 23:09:57'),
('1a4e19d3ca3ab4e504e4beab745b15e67c7c35355b1c675cd8a6cace46eed6334df748006581d575', 1, 4, NULL, '[]', 0, '2022-09-04 08:55:05', '2022-09-04 08:55:05', '2023-09-04 11:55:05'),
('1baa0732c7c5fb394a71806cde37a1fb9bb6cbe7d03800c6fdb9106990f078da1b8fff4133197a94', 1, 4, NULL, '[]', 0, '2022-09-04 11:35:47', '2022-09-04 11:35:47', '2023-09-04 14:35:47'),
('21f79429f94f54edf5d98c59fb8ac687ce0460c9cad66292ef651dc6e18399a4e32d69b8fa755025', 1, 4, NULL, '[]', 0, '2022-09-11 20:32:00', '2022-09-11 20:32:00', '2023-09-11 23:32:00'),
('24f2e15a9cac40093c8b42bba37ef485547ca9ac2fb91842003ee6f01d8382047d36cbe25378007d', 1, 4, NULL, '[]', 0, '2022-09-03 19:02:29', '2022-09-03 19:02:29', '2023-09-03 22:02:29'),
('25a8b974067f8e2fdf002871c49ac8918522b182420aec005bdd7a342c15764843e57d90a0b06cb0', 1, 4, NULL, '[]', 0, '2022-09-03 18:01:35', '2022-09-03 18:01:35', '2023-09-03 21:01:35'),
('27278cc57e046116ba3c629bd2337839ba10223eb7e621b9a5055983f5583391e3ae14adfdb3b6a7', 1, 4, NULL, '[]', 0, '2022-09-03 17:37:02', '2022-09-03 17:37:02', '2023-09-03 20:37:02'),
('316bd324b57a9c161c3f185f57309898dc010ffe08b1b23b48fc31730ddf84ff81e77ec65dae16b9', 1, 4, NULL, '[]', 0, '2022-09-05 11:29:33', '2022-09-05 11:29:33', '2023-09-05 14:29:33'),
('32883bd0e9cc97783451e45d7627355bbd417b79b340e7b10275152e804e4195d14ca776060072a4', 1, 4, NULL, '[]', 0, '2022-09-03 18:08:23', '2022-09-03 18:08:23', '2023-09-03 21:08:23'),
('347432153ccddf12cf94710b7041098334cdc93152c38e421d0a3de4bc7be084dc82f3314d12b2be', 1, 4, NULL, '[]', 0, '2022-09-03 20:11:01', '2022-09-03 20:11:01', '2023-09-03 23:11:01'),
('355cff0f04280278c1be1bce9e5dac940ec73fe3fabc320176081cbf901f52346c0736788bafa7c6', 1, 4, NULL, '[]', 0, '2022-09-04 13:18:20', '2022-09-04 13:18:20', '2023-09-04 16:18:20'),
('381e73ea249e1a57bb4727cf51e60dd57a2a6a56a7deda6a132266f16cac0082dafeeddd81638f54', 1, 4, NULL, '[]', 0, '2022-09-03 19:30:31', '2022-09-03 19:30:31', '2023-09-03 22:30:31'),
('39e76b137958a3cf8e81882c8d8f237ebc1f0b4110239811e71098fcb3e397ae7cd0a9ad5027631b', 1, 4, NULL, '[]', 0, '2022-09-04 12:28:49', '2022-09-04 12:28:49', '2023-09-04 15:28:49'),
('3af12c8d582b3a8feebdcb8e6c07dc4ea9bc584d4e92c5e1a7746c97b5a8988b2c18056fdd48cabd', 1, 4, NULL, '[]', 0, '2022-09-04 11:02:20', '2022-09-04 11:02:20', '2023-09-04 14:02:20'),
('3b1bdcb2180d0e54093e9dc3f7cd27ed84aa127b3a914ddf713889bc7cc85ecc84edacb359727eee', 1, 4, NULL, '[]', 0, '2022-09-03 20:29:31', '2022-09-03 20:29:31', '2023-09-03 23:29:31'),
('3cbe8090f63df3b414e600dc4f7c3f0db086bc241fcf8139d0aa5e773ed69dd12d848c8dba8692c5', 1, 4, NULL, '[]', 0, '2022-09-05 11:35:29', '2022-09-05 11:35:29', '2023-09-05 14:35:29'),
('3fb4a705e3575675e83b9b306ff265cce853d0f53eb0c488f022eddeb09f1d235700d8f88568d0c0', 1, 4, NULL, '[]', 0, '2022-09-11 20:31:25', '2022-09-11 20:31:25', '2023-09-11 23:31:25'),
('40b015f71b0a409308715dd36c36c2304f2717bec9b75b5195b63963b86524c99368db57ea7728c8', 1, 4, NULL, '[]', 0, '2022-09-04 11:30:07', '2022-09-04 11:30:07', '2023-09-04 14:30:07'),
('42db8a2e4e11c73f98f149a1a2465da8374d1a9ca7da6303c7f9b2c657eded39fc5ec049c0991112', 1, 4, NULL, '[]', 0, '2022-09-11 16:59:16', '2022-09-11 16:59:16', '2023-09-11 19:59:16'),
('4422fb184b9feca64d6ac68e1ada73d607ae22e5faf056ef9eae8a349192228944c7e00f0eae5c72', 1, 4, NULL, '[]', 0, '2022-09-06 18:25:48', '2022-09-06 18:25:48', '2023-09-06 21:25:48'),
('44a6706f6a5d49b560152dd280fcab9023d9014728313748902bd69a50670fb114afae0d6b156b0b', 1, 4, NULL, '[]', 0, '2022-09-03 19:55:57', '2022-09-03 19:55:57', '2023-09-03 22:55:57'),
('492631c923258512161f584ac7aa8f7387399f4f8a86fc780a46e1bf5cc1d9cc12694a3a8c74a9d0', 1, 4, NULL, '[]', 0, '2022-09-09 09:26:35', '2022-09-09 09:26:35', '2023-09-09 12:26:35'),
('4b67c2d37e0f46d49b160caa0dd943a589b8413cc3d1e7a8438dd7132de790f14e8212c62414f811', 1, 4, NULL, '[]', 0, '2022-09-05 11:26:12', '2022-09-05 11:26:12', '2023-09-05 14:26:12'),
('4b7071fa118450519f0051b6640f35b7875ff7adaa3f962f4b19bc768c45f53679b631cca7b08086', 1, 4, NULL, '[]', 0, '2022-09-03 16:32:56', '2022-09-03 16:32:56', '2023-09-03 19:32:56'),
('4e8f00ad0da5ed461b29abfdc0960e01a6f91ac85e3b890490ab0e36c045f0c0cbd3ce022f2796fc', 1, 4, NULL, '[]', 0, '2022-09-03 18:26:17', '2022-09-03 18:26:17', '2023-09-03 21:26:17'),
('523b75dc994c5ea3e78a9836d3f7a03508e05c5bee3617af81849f09da8373d4169eb622e9feb254', 1, 4, NULL, '[]', 0, '2022-09-04 08:49:03', '2022-09-04 08:49:03', '2023-09-04 11:49:03'),
('53ae9c38bfb1e5e4c30a2dfba196c5ee42ab5aee6e2df2140f789d83b0e6a5d957624f3a68e4357e', 1, 4, NULL, '[]', 0, '2022-09-11 19:03:06', '2022-09-11 19:03:06', '2023-09-11 22:03:06'),
('53c4392267c4101049f60e521effe10ce48d8d3c624af6675912ce916db6d8be5cf4baf18e71b940', 1, 4, NULL, '[]', 0, '2022-09-03 10:00:19', '2022-09-03 10:00:19', '2023-09-03 13:00:19'),
('542c79266230583b2707f8327ccbebf017d66e3451fd9aac1a5a2e336bc05c428138a64b67affb27', 1, 4, NULL, '[]', 0, '2022-09-04 08:53:58', '2022-09-04 08:53:58', '2023-09-04 11:53:58'),
('561500af9893fecd2bea9e3c957dc463db7c68f7822caf8cde6358938a7b4f349552c2fbae58965f', 1, 4, NULL, '[]', 0, '2022-09-03 19:49:50', '2022-09-03 19:49:50', '2023-09-03 22:49:50'),
('596b25e1adb56c15bc10b892c80fdf52e5f7d212e5d48ae2b1d3dd88be8b04edbb13e3b407beec8d', 1, 4, NULL, '[]', 0, '2022-09-04 09:59:40', '2022-09-04 09:59:40', '2023-09-04 12:59:40'),
('5fc112b2e4f67eec2e416953f9cc3f493d1214c70f2b03188d9ddb36e59d7772c07d99c8364e485f', 1, 4, NULL, '[]', 0, '2022-09-05 11:32:28', '2022-09-05 11:32:28', '2023-09-05 14:32:28'),
('61cce69f6a47ccf0210580cf8fae4cd743fa3a807da3dc1920549b989f33f6ae01694262eb13138c', 1, 4, NULL, '[]', 0, '2022-09-04 11:29:41', '2022-09-04 11:29:41', '2023-09-04 14:29:41'),
('65e6fd44096622df6b54951a4a05834a7ca58e9a4cbdc0c86a1e19f4a20d6f3aa104676a3843dfa7', 1, 4, NULL, '[]', 0, '2022-09-04 09:11:09', '2022-09-04 09:11:09', '2023-09-04 12:11:09'),
('6696483ba9c796228f260fc7211782acb678d6df1aa13ccc2a75a91248c372b81ffa06947161b02b', 1, 4, NULL, '[]', 0, '2022-09-04 08:52:27', '2022-09-04 08:52:27', '2023-09-04 11:52:27'),
('68e0825129fd6a4443fd1014fc0dab6e058e35d4550fe1678d7aed5a66204cc29f5cb0df84e2c965', 1, 4, NULL, '[]', 0, '2022-09-05 11:33:47', '2022-09-05 11:33:47', '2023-09-05 14:33:47'),
('728c5c39f79e05fbe7b30ccacc1316ce7dc65b9a722c8b07539d90d85ffffdedf3e01cde2d8b02fa', 1, 4, NULL, '[]', 0, '2022-09-03 20:12:29', '2022-09-03 20:12:29', '2023-09-03 23:12:29'),
('77cfae67258544df8591917aafa98f0d97ed4f588f295ea92a630bfeaeb315d40275bf6ac48ef8ce', 1, 4, NULL, '[]', 0, '2022-09-04 10:51:26', '2022-09-04 10:51:26', '2023-09-04 13:51:26'),
('78351b9922642246220eebda89b0987c1570bb32bdf930a2a2bfc4feb415e7f2ef0ead0a7aed2257', 1, 4, NULL, '[]', 0, '2022-09-04 08:51:22', '2022-09-04 08:51:22', '2023-09-04 11:51:22'),
('79123a7fffc9ce2dd7688866ed8b34bf2a9b923fdc6537b371ed8b23058ec7d11b0a8c9d681eecc5', 1, 4, NULL, '[]', 0, '2022-09-11 16:58:45', '2022-09-11 16:58:45', '2023-09-11 19:58:45'),
('792703733687cb348d4cdb76134b3a4ec0201b3cdecd69d0b3e99249ef30408b484fedea9b85254b', 1, 4, NULL, '[]', 0, '2022-09-04 09:33:29', '2022-09-04 09:33:29', '2023-09-04 12:33:29'),
('792e0b8a90a94d4049de5dc5654a05895cdebc81413fa5e1bc6a3ea6ad8a6edca900d26b90946e8e', 1, 4, NULL, '[]', 0, '2022-09-03 19:04:17', '2022-09-03 19:04:17', '2023-09-03 22:04:17'),
('7ac14c0930de52fa26a2a6299d685e0d18dcfeb8471ab3697ee139468546afaad945151d28914c0e', 1, 4, NULL, '[]', 0, '2022-09-03 19:28:57', '2022-09-03 19:28:57', '2023-09-03 22:28:57'),
('7b519511d855072b67f3bc678ce3e10b60e1ac9341e8ead3307206f76c405f1fded2dc6b498623eb', 1, 4, NULL, '[]', 0, '2022-09-04 10:57:20', '2022-09-04 10:57:20', '2023-09-04 13:57:20'),
('7c5ded0c81ba6da9e0dbe836b84f4a4accd6265068b57b901c7a08890ba1032627afd211adfb6895', 1, 4, NULL, '[]', 0, '2022-09-03 20:05:36', '2022-09-03 20:05:36', '2023-09-03 23:05:36'),
('7e07b7231d2d62d8040cc7a79140ba15fcb0ae3ddacff719be622473a260c05ba139b31753795e27', 1, 4, NULL, '[]', 0, '2022-09-04 16:31:40', '2022-09-04 16:31:40', '2023-09-04 19:31:40'),
('7e8c3ff2045a1b45780fa16fd2f9cc07cb83703c2f7e9e78e377f6f75b89f0b44646c63ca1c7a651', 1, 4, NULL, '[]', 0, '2022-09-11 20:31:39', '2022-09-11 20:31:39', '2023-09-11 23:31:39'),
('7fdf2d7b26d6bd76ca1b461bf6c53de4435b992654cd09475111217e7691d753183c3d533189cfcc', 1, 4, NULL, '[]', 0, '2022-09-03 20:13:02', '2022-09-03 20:13:02', '2023-09-03 23:13:02'),
('81d9dea5db71908f64a6630e0edf234d98ce9a943cadb7eedcea5fae9bf5a6691b774ea5d2ee1fab', 1, 4, NULL, '[]', 0, '2022-09-03 20:05:49', '2022-09-03 20:05:49', '2023-09-03 23:05:49'),
('837757e86bbb02ea9ec0c75979964acc862109304c038e4dc58266dc122567166c32212019daad85', 1, 4, NULL, '[]', 0, '2022-09-03 18:57:09', '2022-09-03 18:57:09', '2023-09-03 21:57:09'),
('86ac198751d07349759cced5971c64ee20ea4044c1e4d5dae7f9eab702c9fd8328d2c95606fb13ed', 1, 4, NULL, '[]', 0, '2022-09-11 17:43:41', '2022-09-11 17:43:41', '2023-09-11 20:43:41'),
('86e1f4304d11627cf272d6595ad7e2e28060a6ba785e351b1817a3674479c6995e5a03c97ffa779e', 1, 4, NULL, '[]', 0, '2022-09-03 19:06:15', '2022-09-03 19:06:15', '2023-09-03 22:06:15'),
('874e157096a2bbf432f3baf0ba4ea18a4371c54736e8eac20b6471290f78c40770639224f8a6b5db', 1, 4, NULL, '[]', 0, '2022-09-04 09:49:10', '2022-09-04 09:49:10', '2023-09-04 12:49:10'),
('8f42021d9f7c9e9555248150a366ca02fab64c47c80c59b749cc5b6740f0608c091de852954d831c', 1, 4, NULL, '[]', 0, '2022-09-03 18:58:15', '2022-09-03 18:58:15', '2023-09-03 21:58:15'),
('90fc767b0fcc39f08b5b349eabcab4352f246990c1c7f2472c3a6b7d92666d9f34f1cad23cfc07db', 1, 4, NULL, '[]', 0, '2022-09-06 16:05:20', '2022-09-06 16:05:20', '2023-09-06 19:05:20'),
('9489cb123abec12e3972435c7a259fd7a8ac842d7f1f298f69501d5a4c8ce2cd2f73d67a3cf0f897', 1, 4, NULL, '[]', 0, '2022-09-04 08:35:06', '2022-09-04 08:35:06', '2023-09-04 11:35:06'),
('952c56e05013fed0882f5247931834a4bfc37a9e7bd06a0bc9159d4219e3553b2cb5f5813c06d218', 1, 4, NULL, '[]', 0, '2022-09-04 10:50:51', '2022-09-04 10:50:51', '2023-09-04 13:50:51'),
('968e20a3a2d81baacd9eccda0f0ee0fe388194d672914a0831fa4af563ec99677476dbe8feb9a2c6', 1, 4, NULL, '[]', 0, '2022-09-04 11:01:12', '2022-09-04 11:01:12', '2023-09-04 14:01:12'),
('97674cecc3106d2cbf0dc532b920583132e37077244aebc7403e26834ee1a1111939ea592a39b370', 1, 4, NULL, '[]', 0, '2022-09-05 11:29:07', '2022-09-05 11:29:07', '2023-09-05 14:29:07'),
('9eb09a6798c8f527940a988f62a8f4c129c3cdfc3bd603ad09cfab98f5bcc51bd4f9313585791284', 1, 4, NULL, '[]', 0, '2022-09-03 20:02:50', '2022-09-03 20:02:50', '2023-09-03 23:02:50'),
('a393aa7ea47c923c31c340bfa95552fb80b5d03f9ede46dfdaad0a2504ca66ee776a4a4e25aca597', 1, 4, NULL, '[]', 0, '2022-09-03 16:33:06', '2022-09-03 16:33:06', '2023-09-03 19:33:06'),
('a3c03544fecbc4e67798ffae42c6af9c61a5767653def4d73ccd42df2f3afd3d16d7ced523563651', 1, 4, NULL, '[]', 0, '2022-09-11 18:55:17', '2022-09-11 18:55:17', '2023-09-11 21:55:17'),
('a52bda5f66d3f33844369878ddfc5c85366854602310163168291e25aa7faa55f8b1578ad4236a16', 1, 4, NULL, '[]', 0, '2022-09-04 21:11:27', '2022-09-04 21:11:27', '2023-09-05 00:11:27'),
('a8a7ba452bbae341a23a31ace705cee1d00f1e81c0e635cbaa20d5ea0773a3a0776b54d6a3800691', 1, 4, NULL, '[]', 0, '2022-09-03 19:26:10', '2022-09-03 19:26:10', '2023-09-03 22:26:10'),
('ab58e0ad16f85620f214313f8da03bd68948528d023f9e1a32ed1df168b66ab42cffeb83046c2bb7', 1, 4, NULL, '[]', 0, '2022-09-04 10:58:51', '2022-09-04 10:58:51', '2023-09-04 13:58:51'),
('ac42a81b00573ea2fb25df332e08af8745d6774dc2a2cec590b94133763951fa8996be5c3aef7b38', 1, 4, NULL, '[]', 0, '2022-09-03 19:40:36', '2022-09-03 19:40:36', '2023-09-03 22:40:36'),
('acd774038c062926880c1f5dc1a8282fdc7f4f1cced64afe414af0f7648d744eefa6f24879b416a7', 1, 4, NULL, '[]', 0, '2022-09-11 21:03:07', '2022-09-11 21:03:07', '2023-09-12 00:03:07'),
('b258c5bc6ad127868368a7d2e74164a3c03e39e804daa1b5a273030638ede5711f0b2f5217f392b8', 1, 4, NULL, '[]', 0, '2022-09-03 19:08:22', '2022-09-03 19:08:22', '2023-09-03 22:08:22'),
('b2e1366a139f2e331b4e67bde20984979851a4449736a7c56cb9e0775f89b7ff0c426a5b98335208', 1, 4, NULL, '[]', 0, '2022-09-11 20:43:04', '2022-09-11 20:43:04', '2023-09-11 23:43:04'),
('b4d80f40ba07d1c0cbe2390f217390bdd62e4974bf15d858ff1f6416dabe517320c152aba7379820', 1, 4, NULL, '[]', 0, '2022-09-11 16:57:32', '2022-09-11 16:57:32', '2023-09-11 19:57:32'),
('b6d22d7941bf1220472a900bfda44e9297557f18c4617099be564a9724191d8974cd9c466ffad1a9', 1, 4, NULL, '[]', 0, '2022-09-04 08:47:05', '2022-09-04 08:47:05', '2023-09-04 11:47:05'),
('ba3bf56e51e2038e8f84d834e8584f441386a22eb305d38b2923feba3f601c08cb8c29302818fe0f', 1, 4, NULL, '[]', 0, '2022-09-04 10:59:13', '2022-09-04 10:59:13', '2023-09-04 13:59:13'),
('ba90a068fce7421378a25789234273195350cc3c68cf47b48bb17e81a960e411a2747a6aa36eb4b5', 1, 4, NULL, '[]', 0, '2022-09-11 16:52:17', '2022-09-11 16:52:17', '2023-09-11 19:52:17'),
('bb44dd706910667998531a652046b0687fd11ba49228fa650875028ca3ba2db6d351cc285e7f02f3', 1, 4, NULL, '[]', 0, '2022-09-11 20:36:50', '2022-09-11 20:36:50', '2023-09-11 23:36:50'),
('c6f84fa4bd7bba441dfcf22e3a9f0cdcabeadc1bb4f53280c7d6596bc55e20190d4b3643b78db6ba', 1, 4, NULL, '[]', 0, '2022-09-03 18:27:03', '2022-09-03 18:27:03', '2023-09-03 21:27:03'),
('c7af7939f49de5330b8fba585ee1d971ffb1813f9979c2129954086bba1e24a7f25b3a991b5c80bf', 1, 4, NULL, '[]', 0, '2022-09-05 11:35:07', '2022-09-05 11:35:07', '2023-09-05 14:35:07'),
('cce1f812a40a1f74dc48e8f184fe33a8f6b97514560bac64f475165d813f5a935f0fafbaf7ad007c', 1, 4, NULL, '[]', 0, '2022-09-04 13:16:58', '2022-09-04 13:16:58', '2023-09-04 16:16:58'),
('cd50c645eb5e1f8f5e8dc052ac968f8a1be3d8ab63f68429099098086b5f1801540c94382e0e7482', 1, 4, NULL, '[]', 0, '2022-09-11 20:32:28', '2022-09-11 20:32:28', '2023-09-11 23:32:28'),
('d1b8b836c356a2ea63f487da22b0f4249457a25a5b1966c863d5d0c9dbc47cb555d3a8d533e6bb56', 1, 4, NULL, '[]', 0, '2022-09-05 11:33:35', '2022-09-05 11:33:35', '2023-09-05 14:33:35'),
('d3120b4c707d80a01107f75a513bb3033f4a35025c650068623a22473c076d3aaab7aafac599412f', 1, 4, NULL, '[]', 0, '2022-09-06 15:58:08', '2022-09-06 15:58:08', '2023-09-06 18:58:08'),
('d3abf62ff1fe2427d9c89f26f1d3339486161694a70e60503e69261ce6931a708a07f6ec5bb9b0b0', 1, 4, NULL, '[]', 0, '2022-09-05 03:32:06', '2022-09-05 03:32:06', '2023-09-05 06:32:06'),
('d74450aef021d0a7b9419ccbf8b16660be02f1c54a710e7bb323d40d17f43c562880eea02f300c06', 1, 4, NULL, '[]', 0, '2022-09-03 19:58:11', '2022-09-03 19:58:11', '2023-09-03 22:58:11'),
('da8eb2b58d84cb396131536b1931a0a091601fddc54e6ce352582e8d83ee7ff7852c9888a0c665ba', 1, 4, NULL, '[]', 0, '2022-09-09 06:48:20', '2022-09-09 06:48:20', '2023-09-09 09:48:20'),
('db95963ef8cc4a8a258ace73b78aab8b1fd293cc1884e1b740ade2a3d9a01aff5756e8d6c1081c8c', 1, 4, NULL, '[]', 0, '2022-09-03 16:35:12', '2022-09-03 16:35:12', '2023-09-03 19:35:12'),
('dc1e66c6774006f394fb925d632ff9b3360609049354f66e37e62893c5a4d7f0f80f882cc67362f8', 1, 4, NULL, '[]', 0, '2022-09-06 18:26:04', '2022-09-06 18:26:04', '2023-09-06 21:26:04'),
('e75da17cf78cb740d222ba66cb3b41e27d0cf3fc90f91d6a432ea41544d8acd59623e310031f5891', 1, 4, NULL, '[]', 0, '2022-09-04 11:50:16', '2022-09-04 11:50:16', '2023-09-04 14:50:16'),
('e8a44a74cb7cb097921da60ee629283b54f0e8cc2c8b34bb6e4a7e7332c25daefdf94ba59f00d5ad', 1, 4, NULL, '[]', 0, '2022-09-03 18:34:44', '2022-09-03 18:34:44', '2023-09-03 21:34:44'),
('ef0dec2446edbd0627010baabf194fdcab58ec64ee68384ee5d2997193e14a361f199c3f7a1d91bd', 1, 4, NULL, '[]', 0, '2022-09-11 20:49:54', '2022-09-11 20:49:54', '2023-09-11 23:49:54'),
('f0af8941fda0d9a70abf85111e4ea315fbd1e0ccd5fc4ae7a299880b5ca175e6f4d58cc5815efc9d', 1, 4, NULL, '[]', 0, '2022-09-04 08:36:22', '2022-09-04 08:36:22', '2023-09-04 11:36:22'),
('f156dae7d7b7a368cd84f8989e80c3bf95c27c8267e64e3e5e574efdb6be7d06749c4b55cb69d09c', 1, 4, NULL, '[]', 0, '2022-09-03 20:20:12', '2022-09-03 20:20:12', '2023-09-03 23:20:12'),
('f26a6067a0966b85ad896c0005cabc776d89ed285726f3c69039682f53453f0a45b4a9b2f6ed3174', 1, 4, NULL, '[]', 0, '2022-09-03 19:01:08', '2022-09-03 19:01:08', '2023-09-03 22:01:08'),
('fafbf4821697c9989891b4eb828e733fa28dff0e72119c1195deb6bf80645adb366cc583ceafd3c1', 1, 4, NULL, '[]', 0, '2022-09-04 11:03:43', '2022-09-04 11:03:43', '2023-09-04 14:03:43'),
('fc8d217659330b834113c2e2b68111c959b3ae1b95408039825ccb3143e160228d0d50e2e9b8a9ca', 1, 4, NULL, '[]', 0, '2022-09-03 19:07:15', '2022-09-03 19:07:15', '2023-09-03 22:07:15'),
('fd7bef69c8bca3eb8ed75c5cec88659a7c685ccb4696fc9f26c1eddf5ad8cb35bce178544a9f099b', 1, 4, NULL, '[]', 0, '2022-09-06 16:03:04', '2022-09-06 16:03:04', '2023-09-06 19:03:04'),
('fffdcbf2589e7321f6f71b8810db284e6276d6d7d058f1b989fc6ce1a069daa97788bb3ccc0ec201', 1, 4, NULL, '[]', 0, '2022-09-03 19:40:50', '2022-09-03 19:40:50', '2023-09-03 22:40:50');

-- --------------------------------------------------------

--
-- Tablo için tablo yapısı `oauth_auth_codes`
--

CREATE TABLE `oauth_auth_codes` (
  `id` varchar(100) COLLATE utf8mb4_unicode_ci NOT NULL,
  `user_id` bigint(20) UNSIGNED NOT NULL,
  `client_id` bigint(20) UNSIGNED NOT NULL,
  `scopes` text COLLATE utf8mb4_unicode_ci DEFAULT NULL,
  `revoked` tinyint(1) NOT NULL,
  `expires_at` datetime DEFAULT NULL
) ENGINE=InnoDB DEFAULT CHARSET=utf8mb4 COLLATE=utf8mb4_unicode_ci;

-- --------------------------------------------------------

--
-- Tablo için tablo yapısı `oauth_clients`
--

CREATE TABLE `oauth_clients` (
  `id` bigint(20) UNSIGNED NOT NULL,
  `user_id` bigint(20) UNSIGNED DEFAULT NULL,
  `name` varchar(255) COLLATE utf8mb4_unicode_ci NOT NULL,
  `secret` varchar(100) COLLATE utf8mb4_unicode_ci DEFAULT NULL,
  `provider` varchar(255) COLLATE utf8mb4_unicode_ci DEFAULT NULL,
  `redirect` text COLLATE utf8mb4_unicode_ci NOT NULL,
  `personal_access_client` tinyint(1) NOT NULL,
  `password_client` tinyint(1) NOT NULL,
  `revoked` tinyint(1) NOT NULL,
  `created_at` timestamp NULL DEFAULT NULL,
  `updated_at` timestamp NULL DEFAULT NULL
) ENGINE=InnoDB DEFAULT CHARSET=utf8mb4 COLLATE=utf8mb4_unicode_ci;

--
-- Tablo döküm verisi `oauth_clients`
--

INSERT INTO `oauth_clients` (`id`, `user_id`, `name`, `secret`, `provider`, `redirect`, `personal_access_client`, `password_client`, `revoked`, `created_at`, `updated_at`) VALUES
(1, NULL, 'Laravel Personal Access Client', 'wwEv825oAEEvkVZ54cgLZXz8yFbqdlHqRMzEhwZ2', NULL, 'http://localhost', 1, 0, 0, '2022-09-03 09:53:20', '2022-09-03 09:53:20'),
(2, NULL, 'Laravel Password Grant Client', 'ZmQpd0y70BSNyP6Xi4r7r70UxjclohKnf9BNSE1I', 'users', 'http://localhost', 0, 1, 0, '2022-09-03 09:53:20', '2022-09-03 09:53:20'),
(3, NULL, 'Laravel Personal Access Client', '5xztMps68sTVEK2GsDlBEHCSNsHw0FKfsEM9QyIV', NULL, 'http://localhost', 1, 0, 0, '2022-09-03 09:54:46', '2022-09-03 09:54:46'),
(4, NULL, 'Laravel Password Grant Client', '1cDfYZfMmZ69JF5iWHlkJsTt158qDmcjDHtfeeny', 'users', 'http://localhost', 0, 1, 0, '2022-09-03 09:54:46', '2022-09-03 09:54:46');

-- --------------------------------------------------------

--
-- Tablo için tablo yapısı `oauth_personal_access_clients`
--

CREATE TABLE `oauth_personal_access_clients` (
  `id` bigint(20) UNSIGNED NOT NULL,
  `client_id` bigint(20) UNSIGNED NOT NULL,
  `created_at` timestamp NULL DEFAULT NULL,
  `updated_at` timestamp NULL DEFAULT NULL
) ENGINE=InnoDB DEFAULT CHARSET=utf8mb4 COLLATE=utf8mb4_unicode_ci;

--
-- Tablo döküm verisi `oauth_personal_access_clients`
--

INSERT INTO `oauth_personal_access_clients` (`id`, `client_id`, `created_at`, `updated_at`) VALUES
(1, 1, '2022-09-03 09:53:20', '2022-09-03 09:53:20'),
(2, 3, '2022-09-03 09:54:46', '2022-09-03 09:54:46');

-- --------------------------------------------------------

--
-- Tablo için tablo yapısı `oauth_refresh_tokens`
--

CREATE TABLE `oauth_refresh_tokens` (
  `id` varchar(100) COLLATE utf8mb4_unicode_ci NOT NULL,
  `access_token_id` varchar(100) COLLATE utf8mb4_unicode_ci NOT NULL,
  `revoked` tinyint(1) NOT NULL,
  `expires_at` datetime DEFAULT NULL
) ENGINE=InnoDB DEFAULT CHARSET=utf8mb4 COLLATE=utf8mb4_unicode_ci;

--
-- Tablo döküm verisi `oauth_refresh_tokens`
--

INSERT INTO `oauth_refresh_tokens` (`id`, `access_token_id`, `revoked`, `expires_at`) VALUES
('0373fcc257a3dbe324db34845be3776a4ad925ccbdf54a8f3726a0dc0fcb87a183699c7d9e29159e', '86ac198751d07349759cced5971c64ee20ea4044c1e4d5dae7f9eab702c9fd8328d2c95606fb13ed', 0, '2023-09-11 20:43:41'),
('03db7484424dfaa60726c93031881f3badfbd9e16e9b5166c911ae6b93455959324776fe2b420f08', 'f26a6067a0966b85ad896c0005cabc776d89ed285726f3c69039682f53453f0a45b4a9b2f6ed3174', 0, '2023-09-03 22:01:08'),
('041c18dc4ff71ba4dac5ee09fa0a6f1e5e9645d57fe6ff7a20fe9387c67941504b5204e06b39dd69', '004f07dcc2ff1ffad139f595879ea7a37bc5780be8e8787d7f8eb4a981397ad6436e2e0c0feff493', 0, '2023-09-03 21:15:25'),
('05d5a11749b9c050dda7751a28a07371303816ecdc1828966897639ffdeb77361e58e9364a164eed', '10b1cbd0f4374fe232afdf3b70d34ec027638b371c08c1cfdda67d35d13a2dadfbf30f3804f0fa86', 0, '2023-09-04 14:34:29'),
('05fb59b55af309a34c781665dd8bbd02fb1222f6e6175e3f0f1880113278452342f538b5719e60f4', 'd74450aef021d0a7b9419ccbf8b16660be02f1c54a710e7bb323d40d17f43c562880eea02f300c06', 0, '2023-09-03 22:58:11'),
('060e3e6b26c80d56347158bc23a2f13817f1faaa5a1c40e0144324fade0c98963ae1585d0a313639', 'd3120b4c707d80a01107f75a513bb3033f4a35025c650068623a22473c076d3aaab7aafac599412f', 0, '2023-09-06 18:58:08'),
('0775d939c7951682adee602e783560b5cf189ba6f8ed29d61de32012bb67ad3cdaa797fb6d6043c4', '1257e6a7c06784693a17065ac3173b42654cab52fc437fcda75ac0bbfb9e22ad361dcbb854f08737', 0, '2023-09-11 23:31:13'),
('092704bcb1dc9977fc0f35295b60fd44d55a20be5e107c3ed2fb357bfb02124750647fbf9ba2c3b7', '53ae9c38bfb1e5e4c30a2dfba196c5ee42ab5aee6e2df2140f789d83b0e6a5d957624f3a68e4357e', 0, '2023-09-11 22:03:06'),
('0b001e9144d24182f4b9517c1561dae14cc43fbe11c42a738ad090fe1caa142ff52226a52a4d7981', '4e8f00ad0da5ed461b29abfdc0960e01a6f91ac85e3b890490ab0e36c045f0c0cbd3ce022f2796fc', 0, '2023-09-03 21:26:17'),
('0b283e7791183f0acfc03dfd825add308a8fb2baba3d6f0e85f7e5cd529da542823f218464545001', '0ea9e4252e7aa281883f943fc4c87ddcdac743cd38cda5ead2f1d769aa8643b1a00d14ed510a8656', 0, '2023-09-05 14:35:21'),
('0b5858e9fdf6bae092e21f01462911d9b672a354c07294cb643eaf6342c10e2ffda3b2f6b0e5540d', '837757e86bbb02ea9ec0c75979964acc862109304c038e4dc58266dc122567166c32212019daad85', 0, '2023-09-03 21:57:09'),
('0cf6b8b80675a85edb83600c5e3cd479565367c925cbbcd8125ac088d0228c3da9b3bae4cf7f0e5c', '65e6fd44096622df6b54951a4a05834a7ca58e9a4cbdc0c86a1e19f4a20d6f3aa104676a3843dfa7', 0, '2023-09-04 12:11:09'),
('0fb3daa60c12afbde74a7b50e9491f94d2957d402ea786ab4537717f664f79d2b9ae30df1607f098', '7b519511d855072b67f3bc678ce3e10b60e1ac9341e8ead3307206f76c405f1fded2dc6b498623eb', 0, '2023-09-04 13:57:20'),
('1783c3456799d0d06513b304f21bb9243938d88173f4d9096bed9d76cf6614f2d376e3de5f009ecb', '492631c923258512161f584ac7aa8f7387399f4f8a86fc780a46e1bf5cc1d9cc12694a3a8c74a9d0', 0, '2023-09-09 12:26:35'),
('19918be4dd3cd9a95564674c8cd5ba8c2237b2a774de897b5a30529984951eee4680d8021089063a', 'fc8d217659330b834113c2e2b68111c959b3ae1b95408039825ccb3143e160228d0d50e2e9b8a9ca', 0, '2023-09-03 22:07:15'),
('1b7953234232c90777237af972f01b68673abb1abe73ae51074750016483388c0e11b36903862095', '7ac14c0930de52fa26a2a6299d685e0d18dcfeb8471ab3697ee139468546afaad945151d28914c0e', 0, '2023-09-03 22:28:57'),
('1c0b69175670b8930c7793a93d45b6135f1b459c6d46e229ce2acf57c0fed96d47f2acbb34b2db31', 'ac42a81b00573ea2fb25df332e08af8745d6774dc2a2cec590b94133763951fa8996be5c3aef7b38', 0, '2023-09-03 22:40:36'),
('1d6df7a5a6192f2cecc8f2b6ba58110dfa7b81f46f9e82ca60b7fe9fcd07eb539de516e6ba36756d', '316bd324b57a9c161c3f185f57309898dc010ffe08b1b23b48fc31730ddf84ff81e77ec65dae16b9', 0, '2023-09-05 14:29:33'),
('1d9f4d097265cb7d8529271374fb2793665b49c5097586cb684cfc49c201ef243d48ddadbcd066a2', 'ab58e0ad16f85620f214313f8da03bd68948528d023f9e1a32ed1df168b66ab42cffeb83046c2bb7', 0, '2023-09-04 13:58:51'),
('1e6490dff45b3e433529af99ab8c6d6e26372136a81b07c8db93e66f0e8083ab1c23652ff65f54de', 'b258c5bc6ad127868368a7d2e74164a3c03e39e804daa1b5a273030638ede5711f0b2f5217f392b8', 0, '2023-09-03 22:08:22'),
('215ac674e96e041dc943cd2654337f9ecb3637acd3df4e3a53d97753b3992ffa55dc1ade0b5cc948', '347432153ccddf12cf94710b7041098334cdc93152c38e421d0a3de4bc7be084dc82f3314d12b2be', 0, '2023-09-03 23:11:01'),
('21e3e545ff81212a086235068f2199619887e05d9ca54a3aba025690d317890394e7c94af0341403', '44a6706f6a5d49b560152dd280fcab9023d9014728313748902bd69a50670fb114afae0d6b156b0b', 0, '2023-09-03 22:55:57'),
('2276bb087050d09c477e18d61db6195f20c04a09a029793917946b93e0d62ecbdbaa5e3155577d75', 'e75da17cf78cb740d222ba66cb3b41e27d0cf3fc90f91d6a432ea41544d8acd59623e310031f5891', 0, '2023-09-04 14:50:16'),
('2404a0890d994244400ffa45df2b1f6118b5758ea5a2ce52075f3b1195d687725a6363a66fd4a6d8', '163aa806d3ef26b604c0cd28348b18013be4a89a30cf7c17c1b07795c84efaa10133bdb896a97c94', 0, '2023-09-11 23:38:21'),
('250b0c3b2500920e9e5870f59925a1acb3db0f3ae09f2fe5270da1f3777a34c3f09fa97fca391e07', '61cce69f6a47ccf0210580cf8fae4cd743fa3a807da3dc1920549b989f33f6ae01694262eb13138c', 0, '2023-09-04 14:29:41'),
('2751741a2bb9d41675fde9bc08d7cbe7b12fea5b553975850ffb254d897920e48e36473bb5f215cc', '167e60880199e3c02a8419350858ae509c2325b954cb91a304b24782aedd4f06323addb7e356dfd7', 0, '2023-09-11 20:44:07'),
('27a70279ffb404169b58786f06e25985e650c79369571d2a7124b191e4f7872f13a95005f0cc45f4', '9489cb123abec12e3972435c7a259fd7a8ac842d7f1f298f69501d5a4c8ce2cd2f73d67a3cf0f897', 0, '2023-09-04 11:35:06'),
('2d0a6649c9bcfb32817eab63f5582375de2ea3bf578f51454d4bf2d8bb904dcad0b3198988a47a2f', 'a52bda5f66d3f33844369878ddfc5c85366854602310163168291e25aa7faa55f8b1578ad4236a16', 0, '2023-09-05 00:11:27'),
('2dee2e617acb0ee6dccb0a5f81b1a56d19b39b4e1c5e6881261dd18b233810abbd9c0c7c459d00be', '21f79429f94f54edf5d98c59fb8ac687ce0460c9cad66292ef651dc6e18399a4e32d69b8fa755025', 0, '2023-09-11 23:32:00'),
('3285a5ea4c5e410c7af0cf114e70865466c2bddd9e3ee7d343ed2f2502eadf94aace4ef7b29b1f8e', 'e8a44a74cb7cb097921da60ee629283b54f0e8cc2c8b34bb6e4a7e7332c25daefdf94ba59f00d5ad', 0, '2023-09-03 21:34:44'),
('3545d81388d08056ac07b157b00e2d33bb5d51ecf8079f749f5f4b9e5ad2835f30aae9375bc96ad9', '40b015f71b0a409308715dd36c36c2304f2717bec9b75b5195b63963b86524c99368db57ea7728c8', 0, '2023-09-04 14:30:07'),
('35e9f475c9ff1e879daea6a12d848bee7b53ad75409124b8248c90be9b582083b86e03fc3946af16', 'd3abf62ff1fe2427d9c89f26f1d3339486161694a70e60503e69261ce6931a708a07f6ec5bb9b0b0', 0, '2023-09-05 06:32:06'),
('3a02e8a611b35ff17dda7ebe717f81775871d7f4820d3db6c7aeb69eba000a3f0042498f9f319bee', '3af12c8d582b3a8feebdcb8e6c07dc4ea9bc584d4e92c5e1a7746c97b5a8988b2c18056fdd48cabd', 0, '2023-09-04 14:02:20'),
('3bc886b3584a333fd3caf6d9de3a17daaf8d8f50b6b558f14ad8b6101630933e20df995888cb0e83', 'd1b8b836c356a2ea63f487da22b0f4249457a25a5b1966c863d5d0c9dbc47cb555d3a8d533e6bb56', 0, '2023-09-05 14:33:35'),
('3c04388ae9af6e09087bf4b0f8bb3ab1c760406cb20aaa77d6e6e82910d2aa37b062c3a3053a7540', '952c56e05013fed0882f5247931834a4bfc37a9e7bd06a0bc9159d4219e3553b2cb5f5813c06d218', 0, '2023-09-04 13:50:51'),
('3db9fd109a07754aa5525b08ec870e33af39016584e89f15b75b5e8699ef6cfcb64075b5a7d73f8d', '78351b9922642246220eebda89b0987c1570bb32bdf930a2a2bfc4feb415e7f2ef0ead0a7aed2257', 0, '2023-09-04 11:51:22'),
('3eeca18f10bd1d00be837f5db6b87372e415eb3253d97e1745dfd8de65f1664cc4a7551b56d0abe9', '24f2e15a9cac40093c8b42bba37ef485547ca9ac2fb91842003ee6f01d8382047d36cbe25378007d', 0, '2023-09-03 22:02:29'),
('43132626d094b8ecf5fc7c1f56447e6c7e9ea63bae4281cccf79914bb37b68620a87ff358e1a8326', '79123a7fffc9ce2dd7688866ed8b34bf2a9b923fdc6537b371ed8b23058ec7d11b0a8c9d681eecc5', 0, '2023-09-11 19:58:45'),
('435dce2632b0f200fe73a7682a04954159226d54de4d4fad229c528f085bbba29be90d593007628d', '4b7071fa118450519f0051b6640f35b7875ff7adaa3f962f4b19bc768c45f53679b631cca7b08086', 0, '2023-09-03 19:32:56'),
('4483707f80240af02a9103d477bebd3635ee33ffe10b91bdbf3e26b0dd3ed2a5c123bb1bd596921d', 'fafbf4821697c9989891b4eb828e733fa28dff0e72119c1195deb6bf80645adb366cc583ceafd3c1', 0, '2023-09-04 14:03:43'),
('47363c4f5036529533e7ecb690cbb5f1436d92811d69220d155073939cb4c372e17e080937fe2c4a', 'db95963ef8cc4a8a258ace73b78aab8b1fd293cc1884e1b740ade2a3d9a01aff5756e8d6c1081c8c', 0, '2023-09-03 19:35:12'),
('47c6ae107a8eee0df8de420fe24b4820e4a95d63eb6f0d4e4e750c8ac0cc8e1a4f08cf78ff9dfc8b', '06ce8cf6f70aee05ad5650623086c1b131da9188f951e53df5f4b61a87b39ac2b2828a8bdd104c53', 0, '2023-09-04 14:00:41'),
('4a51f2d61c392bf47619b02d3d06db99a78878f1b19023f39b5ec3c4665cf24780ba183d2f5d6d49', 'ef0dec2446edbd0627010baabf194fdcab58ec64ee68384ee5d2997193e14a361f199c3f7a1d91bd', 0, '2023-09-11 23:49:54'),
('53f43b0245500a1cad976baf5a60a2a438828e986db0e2abfe1956b9beda1a5a43e20af87f350c58', 'da8eb2b58d84cb396131536b1931a0a091601fddc54e6ce352582e8d83ee7ff7852c9888a0c665ba', 0, '2023-09-09 09:48:20'),
('5a7cd04e332badd0c5cd38104f1ef005423adbec82c62a3997f56e1d9e6553092380f397e976f262', 'acd774038c062926880c1f5dc1a8282fdc7f4f1cced64afe414af0f7648d744eefa6f24879b416a7', 0, '2023-09-12 00:03:07'),
('62554c2196e2f7dc3c697e27e7ee4b40fb429af14895a22ed7ec1d89068c91cf3ddcb4589c27763f', 'cce1f812a40a1f74dc48e8f184fe33a8f6b97514560bac64f475165d813f5a935f0fafbaf7ad007c', 0, '2023-09-04 16:16:58'),
('65c80e5ece78332fa7894d5453105f2a8f5e209ee862adf1e7e74f56331ee3266a9157b8f31118c7', '32883bd0e9cc97783451e45d7627355bbd417b79b340e7b10275152e804e4195d14ca776060072a4', 0, '2023-09-03 21:08:23'),
('6806ac871abde9f9c6b869a7badaf12e7e49cb935cc195612dcfdae9ea5fe8321803fbca1a33157b', 'cd50c645eb5e1f8f5e8dc052ac968f8a1be3d8ab63f68429099098086b5f1801540c94382e0e7482', 0, '2023-09-11 23:32:28'),
('6ef0404426ffc8610c42b3fdec6e971fe561aa353dd137585a30bd9c92d82a2f4b6a7e557743d379', '7c5ded0c81ba6da9e0dbe836b84f4a4accd6265068b57b901c7a08890ba1032627afd211adfb6895', 0, '2023-09-03 23:05:36'),
('72c8f5a3d0009c0bdd70495cc583cf27d299a8ef9dc1d15e22a287c4fb38ea458d3bb44322be3115', '39e76b137958a3cf8e81882c8d8f237ebc1f0b4110239811e71098fcb3e397ae7cd0a9ad5027631b', 0, '2023-09-04 15:28:49'),
('77e5a0f213e571d7fcccd8125538d9889c11a791b071a4c9aed52e2ba96bfe19d1d99b43ea3c1c74', '4422fb184b9feca64d6ac68e1ada73d607ae22e5faf056ef9eae8a349192228944c7e00f0eae5c72', 0, '2023-09-06 21:25:48'),
('7a105ebd6d871d941cb26781613263426a7eb26b05b0ab11e29c8c420fdbc717d925529cfda63b8a', '27278cc57e046116ba3c629bd2337839ba10223eb7e621b9a5055983f5583391e3ae14adfdb3b6a7', 0, '2023-09-03 20:37:02'),
('7f14cefe934372d23bbfa4ea895fc2cfbb689077754fff1b65c66f87d9f091c619691a9c70018738', 'f156dae7d7b7a368cd84f8989e80c3bf95c27c8267e64e3e5e574efdb6be7d06749c4b55cb69d09c', 0, '2023-09-03 23:20:12'),
('81131198c76be8b3405b954a31617a5387d8df719db2c9037d5e93e7d8ebd88e45dd42899767e1b7', 'bb44dd706910667998531a652046b0687fd11ba49228fa650875028ca3ba2db6d351cc285e7f02f3', 0, '2023-09-11 23:36:50'),
('8518b14cdee74f020f43746db6d75226eabfb7dc6584ed5efef6be53e52e6af952bcc39ed870de8d', 'fd7bef69c8bca3eb8ed75c5cec88659a7c685ccb4696fc9f26c1eddf5ad8cb35bce178544a9f099b', 0, '2023-09-06 19:03:04'),
('85614dacbf79481a6b49cd27d0fbd4a200feb9945bf99d2d0ec2724735da0d4efd03693777959940', '00493b9728b48fdf0d15d9dc80be7f39c71b93dd6d591d9e71621c57fd58dbd6ae2e0ffbb34da8d3', 0, '2023-09-11 20:44:13'),
('8a06c2829fe07793f1ca7156b48de3bcd8b227d69b6c13dd542c644a5ca44eba7dee7775ac31420b', '3fb4a705e3575675e83b9b306ff265cce853d0f53eb0c488f022eddeb09f1d235700d8f88568d0c0', 0, '2023-09-11 23:31:25'),
('8b34e0b8f2c53975538f82f6a082e4db73a7777af9175f1b796c0a4230e291666fc6e5df56c239f2', '97674cecc3106d2cbf0dc532b920583132e37077244aebc7403e26834ee1a1111939ea592a39b370', 0, '2023-09-05 14:29:07'),
('8b40da0e837d8e3e9d71974f1236ce8f9cdf851747e395ff499d7859d843738379c5482c684487db', '7e8c3ff2045a1b45780fa16fd2f9cc07cb83703c2f7e9e78e377f6f75b89f0b44646c63ca1c7a651', 0, '2023-09-11 23:31:39'),
('8ef0b614836bd68abbb7db828eb434186ffd299115ee49440311123cb3d3117b08795daccd075285', '0baabf12bdd9015282a7f83598a9d51d895cf5993607a6a5585d8602ef5f8c02bdde9171783580ec', 0, '2023-09-03 19:36:06'),
('8f84e61a6636d9e62c339ec8a0816194def07c1d8d8a1c60781b10f8b95bc1bde1c9ddae5244c712', '792703733687cb348d4cdb76134b3a4ec0201b3cdecd69d0b3e99249ef30408b484fedea9b85254b', 0, '2023-09-04 12:33:29'),
('90071072ef2f563ffc9897b305e65e936cfa219275c8aaeff3a980636762bf6fd45724dde63732dc', 'b6d22d7941bf1220472a900bfda44e9297557f18c4617099be564a9724191d8974cd9c466ffad1a9', 0, '2023-09-04 11:47:05'),
('90fe313fbe04970fdfd73e6d2fea8b96ab3bf33be90864f3f34035c19659a8bff405dcdc8b5cc94d', '81d9dea5db71908f64a6630e0edf234d98ce9a943cadb7eedcea5fae9bf5a6691b774ea5d2ee1fab', 0, '2023-09-03 23:05:49'),
('94f6f934b580e29e873700a1c348d0a8d1de638018bd28bc71f1d0f6cfb6f562ab255457954b4645', '7e07b7231d2d62d8040cc7a79140ba15fcb0ae3ddacff719be622473a260c05ba139b31753795e27', 0, '2023-09-04 19:31:40'),
('9adca84f99e60142f7237cf1962ce26bd862596cad31238e8e15754b2bb3ec3fd3719dd945cfba8a', 'dc1e66c6774006f394fb925d632ff9b3360609049354f66e37e62893c5a4d7f0f80f882cc67362f8', 0, '2023-09-06 21:26:04'),
('9cf15c49533054d0a57443097a6529e690679d1a1c9a1b9f759e48aa827e8dd113e754b2187612dc', '68e0825129fd6a4443fd1014fc0dab6e058e35d4550fe1678d7aed5a66204cc29f5cb0df84e2c965', 0, '2023-09-05 14:33:47'),
('9dbb1ea7a50de06a153602db9b9883c78b14e205acd99b4b4d94714ebb910bb0d7dc71a8b2e1b71b', 'b2e1366a139f2e331b4e67bde20984979851a4449736a7c56cb9e0775f89b7ff0c426a5b98335208', 0, '2023-09-11 23:43:04'),
('9f74340ce96be08b4c5e9509f524d4fb7dd9319d0ba1fbafee835e916062cb23d7cdcb6b07fbbd18', 'a3c03544fecbc4e67798ffae42c6af9c61a5767653def4d73ccd42df2f3afd3d16d7ced523563651', 0, '2023-09-11 21:55:17'),
('9fa315bb48ef2237da24a1011e263c8b2255395795f7c971349263d5444e3d457f18bb9df0ece162', '1848be33e1dcf0b5bbf134dc35b9059f228f05b89ecf0538b2c907933c024d5a6868a3c22fb3b6c2', 0, '2023-09-03 23:09:57'),
('a012a6b1189da12c9a54a8c8ce64624c497ec24ec23fac877da171faf9a250ff7fa93259ea82a2f3', '542c79266230583b2707f8327ccbebf017d66e3451fd9aac1a5a2e336bc05c428138a64b67affb27', 0, '2023-09-04 11:53:58'),
('a839be994c65316b44c0d2f0afea4c15a3e7f54f5288d692cba78ae2f72d02b1ca9fff2a364befff', '728c5c39f79e05fbe7b30ccacc1316ce7dc65b9a722c8b07539d90d85ffffdedf3e01cde2d8b02fa', 0, '2023-09-03 23:12:29'),
('a89510a93829de826cf3c22bb9f055863d4185002b7a40d4b0fca15956589c0728c41b2c3ef77078', '86e1f4304d11627cf272d6595ad7e2e28060a6ba785e351b1817a3674479c6995e5a03c97ffa779e', 0, '2023-09-03 22:06:15'),
('abf7555dd19ac1692feaf88200124a8c1c6d8c1c75113c9d8bc6f4e125621638f8ea9b56f3b484bc', '1baa0732c7c5fb394a71806cde37a1fb9bb6cbe7d03800c6fdb9106990f078da1b8fff4133197a94', 0, '2023-09-04 14:35:47'),
('b4e8824f8d7d34799da0896802d42a2f593562200a2a50e49a4b4ba670d53900b696f0601809cd5c', '792e0b8a90a94d4049de5dc5654a05895cdebc81413fa5e1bc6a3ea6ad8a6edca900d26b90946e8e', 0, '2023-09-03 22:04:17'),
('b50e1d3c1da8fb3348e776f3a93dc411e4503933de9709c5f38b9fed6eeddbe653c91a46face2d63', 'a393aa7ea47c923c31c340bfa95552fb80b5d03f9ede46dfdaad0a2504ca66ee776a4a4e25aca597', 0, '2023-09-03 19:33:06'),
('b923b8e97eb20bf7e73ca067cbcb68cbcfbd81d86514ca1a565fc114b2037a98cf67ec084ee0e821', '0f44ab5765b096143f43faa1b396d9410277fa7da6032949898b41ae1ec1c350e9cea0cd958f8eb1', 0, '2023-09-09 12:19:10'),
('ba93d16d3202c8647b179e640ef5335286e0a1437fc3bc51e915da6136a493d0fd43b3828f36d42c', '8f42021d9f7c9e9555248150a366ca02fab64c47c80c59b749cc5b6740f0608c091de852954d831c', 0, '2023-09-03 21:58:15'),
('bc3eb40e40e84bdafe6e8612f88bba8566e67e0a92275a9de3c8eed84bc7343f6832bd87143a33d4', 'f0af8941fda0d9a70abf85111e4ea315fbd1e0ccd5fc4ae7a299880b5ca175e6f4d58cc5815efc9d', 0, '2023-09-04 11:36:22'),
('bcc7af0fba6e4db3814e369bad9c87cd918ca4f82815db2fb99a00054b92365ef62a329d497291b5', 'b4d80f40ba07d1c0cbe2390f217390bdd62e4974bf15d858ff1f6416dabe517320c152aba7379820', 0, '2023-09-11 19:57:32'),
('beabc1b1d11a0e787521cb92ee19a68cc78ec7d4e92aa5a4c1e87635204c032331cf0362fbb5a7e5', '02cee44dab393d09fe0c482be808cb47dc7eabeaa4936133a22ef8236acc891915a022992c0e3152', 0, '2023-09-04 12:31:59'),
('c041ec0c115b23adce1ad04012eb29a839c2f0798f555a0b3681240bd1ef1b53b31008430fac4677', 'fffdcbf2589e7321f6f71b8810db284e6276d6d7d058f1b989fc6ce1a069daa97788bb3ccc0ec201', 0, '2023-09-03 22:40:50'),
('c4c28376947c40bfa2e7a8d38ba6c5dd480c9197faf7c02d4ce1f58055c5d6239411a351aaf3400f', '968e20a3a2d81baacd9eccda0f0ee0fe388194d672914a0831fa4af563ec99677476dbe8feb9a2c6', 0, '2023-09-04 14:01:12'),
('c54816c764beb7bcb481484bf2acb55228cf59b33d0e5dd67fdec030774b522432a82a306d8d7ded', '77cfae67258544df8591917aafa98f0d97ed4f588f295ea92a630bfeaeb315d40275bf6ac48ef8ce', 0, '2023-09-04 13:51:26'),
('c83c33f84f49f87ada8c27d94ddf98214a59491cc27dd1977deb035709897340eed138827cadc2b8', '90fc767b0fcc39f08b5b349eabcab4352f246990c1c7f2472c3a6b7d92666d9f34f1cad23cfc07db', 0, '2023-09-06 19:05:20'),
('c9fef21033bbb3d5d3d7a3593dde57dccf3c43562db7f6aaf03d31369ad33527762548a7f2de7e24', '3cbe8090f63df3b414e600dc4f7c3f0db086bc241fcf8139d0aa5e773ed69dd12d848c8dba8692c5', 0, '2023-09-05 14:35:29'),
('cb25247e57cbaadc858605f7d97335b95827a755b79c53f00a4c01d33dc11c38decb962219d69ca4', 'ba3bf56e51e2038e8f84d834e8584f441386a22eb305d38b2923feba3f601c08cb8c29302818fe0f', 0, '2023-09-04 13:59:13'),
('d13b5d5261e12a3a13adec4dbdf3108bd1da440647b13c81e6d6358001010175ce9d6083378557c7', '25a8b974067f8e2fdf002871c49ac8918522b182420aec005bdd7a342c15764843e57d90a0b06cb0', 0, '2023-09-03 21:01:35'),
('d26bf5d296a6bc2a78f05c113b412c124e3552a993edbe83caddb12a3eb8fe5b2ee4488f81c934f9', '9eb09a6798c8f527940a988f62a8f4c129c3cdfc3bd603ad09cfab98f5bcc51bd4f9313585791284', 0, '2023-09-03 23:02:50'),
('d4e509c6611a2ee2d6bfa8e5b9bff20c200af7c7c9da5377d439f77571977dfa5eab3721229f1194', '12fb7da682952c082784d2b4fe4967327aa9ed114800ff24f8f843a6251453dd0c9130e6863badbe', 0, '2023-09-03 23:08:33'),
('d77b556317b56325ba85336f0f02b2d2cc314067aa8a554bbb13234ef85813e6206da00d49982936', '0d053460c1aa269f352ec746a18919d8803149f9cb6ef047c669dab2e2b755883f6862c01e45ce9d', 0, '2023-09-03 23:22:16'),
('d81f1eb68c6a33fced300b3f18bf3d84746b8a2ff60b06aca89e4007ab85a0e72bf2ceb74650292f', '381e73ea249e1a57bb4727cf51e60dd57a2a6a56a7deda6a132266f16cac0082dafeeddd81638f54', 0, '2023-09-03 22:30:31'),
('dd27211995101be8e1309afa099995de21f6137a845e36ba56ba45e5d6846b5823f1710bd4e9e786', '523b75dc994c5ea3e78a9836d3f7a03508e05c5bee3617af81849f09da8373d4169eb622e9feb254', 0, '2023-09-04 11:49:03'),
('df748e500531a7cd3f33a904c44c122aecaa485624b0475dd7023f81894265d2f4ef91f367c871ba', '53c4392267c4101049f60e521effe10ce48d8d3c624af6675912ce916db6d8be5cf4baf18e71b940', 0, '2023-09-03 13:00:19'),
('e35f925116afe2c99f879ddb01de815960dfb7e7c82b25296c33bb0058ad86f4127b5dd76a98540e', '874e157096a2bbf432f3baf0ba4ea18a4371c54736e8eac20b6471290f78c40770639224f8a6b5db', 0, '2023-09-04 12:49:10'),
('e417ecbd1547df26b58218bb2e41e46911c32bc721cc86a7917c53340fc1e80ef96ca0c111e1f533', '355cff0f04280278c1be1bce9e5dac940ec73fe3fabc320176081cbf901f52346c0736788bafa7c6', 0, '2023-09-04 16:18:20'),
('e502bc4f4a0ff0021e9bd862b37e5ec66a0e0060d0f64c6eb7771dfe4e2555c34bfceb5d54652298', '7fdf2d7b26d6bd76ca1b461bf6c53de4435b992654cd09475111217e7691d753183c3d533189cfcc', 0, '2023-09-03 23:13:02'),
('e5fa009a0ca2e9c4535095c857e71fbfb9eb00a289d51fc81237f1770fe93d356982ea03cd8bf3c3', '6696483ba9c796228f260fc7211782acb678d6df1aa13ccc2a75a91248c372b81ffa06947161b02b', 0, '2023-09-04 11:52:27'),
('e6f8467bd06a99e3ef4d63e31615e52a6623a2f8b232205d47b6a89522fb237d426bf4bb8e4220f0', '0a667cbd3849b8f5e6bd8344d9ef991b364f7d117927eb38ee762234a586b028cddbfd382a749641', 0, '2023-09-03 21:31:29'),
('e7f1687091e365db2623aca23ae52d8d7cf4fea6551526b5ee5d24ff95905f0554658845b2a2e90c', '5fc112b2e4f67eec2e416953f9cc3f493d1214c70f2b03188d9ddb36e59d7772c07d99c8364e485f', 0, '2023-09-05 14:32:28'),
('e87368a3862d4326e9198c663f4452e4f20c10c05844c937611d8dfbb6d6ab12e062bfced7988b70', '0fe4d451921b5db1a744dc7519625593dbbdeaf786f0228b9eaf8f4e4e4e59f21ccdf568cffbafc0', 0, '2023-09-04 11:56:30'),
('ea38ecc694d409a49d854722af454ec4d2f6eaa7c198b4f0dab2372090ad0616d1c45aabad4c23ed', '1a4e19d3ca3ab4e504e4beab745b15e67c7c35355b1c675cd8a6cace46eed6334df748006581d575', 0, '2023-09-04 11:55:05'),
('f0ab587cf60af76d9eeb4df6d19f7d85ceb9c8c1a1c77a699a549c588a50266a7f375f95d2df7f81', 'c6f84fa4bd7bba441dfcf22e3a9f0cdcabeadc1bb4f53280c7d6596bc55e20190d4b3643b78db6ba', 0, '2023-09-03 21:27:03'),
('f2d20f47525e2727f3073155ae976267dfdb90cfee072f055791163bafcf6ce30f581e8d444228e4', '561500af9893fecd2bea9e3c957dc463db7c68f7822caf8cde6358938a7b4f349552c2fbae58965f', 0, '2023-09-03 22:49:50'),
('f45eb5ba5e3305d42dd48dff548b14c8647cc1bd98822a1abd3196f88b85736781e0c44b65436d97', '3b1bdcb2180d0e54093e9dc3f7cd27ed84aa127b3a914ddf713889bc7cc85ecc84edacb359727eee', 0, '2023-09-03 23:29:31'),
('f4f1152359d27c001b58d267a84de4af6a9ab7f2b4509c4489b8576aadb33136aa734373b4c3420d', 'c7af7939f49de5330b8fba585ee1d971ffb1813f9979c2129954086bba1e24a7f25b3a991b5c80bf', 0, '2023-09-05 14:35:07'),
('f54fb5496cfdfd2b1cdc59b168328c1c5a6a3c82dd98ae2e15fb3a6cd9157f3274c0d59f5b9a8176', 'ba90a068fce7421378a25789234273195350cc3c68cf47b48bb17e81a960e411a2747a6aa36eb4b5', 0, '2023-09-11 19:52:17'),
('f86af6ca924bb03d452225cb36e1d912939e49287c82abd14bc0784e2dd852ea477a3007744be027', 'a8a7ba452bbae341a23a31ace705cee1d00f1e81c0e635cbaa20d5ea0773a3a0776b54d6a3800691', 0, '2023-09-03 22:26:10'),
('fcae0fc99b290de49575e736829642613e3ab9428790f67dcaaf5317528d604e85c98c796b60a60a', '596b25e1adb56c15bc10b892c80fdf52e5f7d212e5d48ae2b1d3dd88be8b04edbb13e3b407beec8d', 0, '2023-09-04 12:59:40'),
('fd45a9051b8277cc1ba5d275d847076b9695ff8bb6e90fc8ef0edb1f537c3cbc51376092c89cac61', '4b67c2d37e0f46d49b160caa0dd943a589b8413cc3d1e7a8438dd7132de790f14e8212c62414f811', 0, '2023-09-05 14:26:12'),
('ff01b6e891af6f08520980de030227dcb68155808e720fa6a1db4b79780ffe4c5a1ace669132f7d6', '42db8a2e4e11c73f98f149a1a2465da8374d1a9ca7da6303c7f9b2c657eded39fc5ec049c0991112', 0, '2023-09-11 19:59:16');

-- --------------------------------------------------------

--
-- Tablo için tablo yapısı `password_resets`
--

CREATE TABLE `password_resets` (
  `email` varchar(255) COLLATE utf8mb4_unicode_ci NOT NULL,
  `token` varchar(255) COLLATE utf8mb4_unicode_ci NOT NULL,
  `created_at` timestamp NULL DEFAULT NULL
) ENGINE=InnoDB DEFAULT CHARSET=utf8mb4 COLLATE=utf8mb4_unicode_ci;

-- --------------------------------------------------------

--
-- Tablo için tablo yapısı `personal_access_tokens`
--

CREATE TABLE `personal_access_tokens` (
  `id` bigint(20) UNSIGNED NOT NULL,
  `tokenable_type` varchar(255) COLLATE utf8mb4_unicode_ci NOT NULL,
  `tokenable_id` bigint(20) UNSIGNED NOT NULL,
  `name` varchar(255) COLLATE utf8mb4_unicode_ci NOT NULL,
  `token` varchar(64) COLLATE utf8mb4_unicode_ci NOT NULL,
  `abilities` text COLLATE utf8mb4_unicode_ci DEFAULT NULL,
  `last_used_at` timestamp NULL DEFAULT NULL,
  `expires_at` timestamp NULL DEFAULT NULL,
  `created_at` timestamp NULL DEFAULT NULL,
  `updated_at` timestamp NULL DEFAULT NULL
) ENGINE=InnoDB DEFAULT CHARSET=utf8mb4 COLLATE=utf8mb4_unicode_ci;

-- --------------------------------------------------------

--
-- Tablo için tablo yapısı `roles`
--

CREATE TABLE `roles` (
  `id` int(10) UNSIGNED NOT NULL,
  `name` varchar(255) COLLATE utf8mb4_unicode_ci NOT NULL,
  `text` varchar(255) COLLATE utf8mb4_unicode_ci NOT NULL,
  `created_at` timestamp NULL DEFAULT NULL,
  `updated_at` timestamp NULL DEFAULT NULL
) ENGINE=InnoDB DEFAULT CHARSET=utf8mb4 COLLATE=utf8mb4_unicode_ci;

--
-- Tablo döküm verisi `roles`
--

INSERT INTO `roles` (`id`, `name`, `text`, `created_at`, `updated_at`) VALUES
(1, 'root', 'root', '2022-09-03 09:53:07', '2022-09-03 09:53:07');

-- --------------------------------------------------------

--
-- Tablo için tablo yapısı `users`
--

CREATE TABLE `users` (
  `id` bigint(20) UNSIGNED NOT NULL,
  `name` varchar(255) COLLATE utf8mb4_unicode_ci NOT NULL,
  `email` varchar(255) COLLATE utf8mb4_unicode_ci NOT NULL,
  `email_verified_at` timestamp NULL DEFAULT NULL,
  `password` varchar(255) COLLATE utf8mb4_unicode_ci NOT NULL,
  `remember_token` varchar(100) COLLATE utf8mb4_unicode_ci DEFAULT NULL,
  `created_at` timestamp NULL DEFAULT NULL,
  `updated_at` timestamp NULL DEFAULT NULL
) ENGINE=InnoDB DEFAULT CHARSET=utf8mb4 COLLATE=utf8mb4_unicode_ci;

--
-- Tablo döküm verisi `users`
--

INSERT INTO `users` (`id`, `name`, `email`, `email_verified_at`, `password`, `remember_token`, `created_at`, `updated_at`) VALUES
(1, 'Root', 'grhn@gmail.com', NULL, '$2y$10$LCWTi6/PCfH3DFpKkVk1oOhVqAEj8n0Ces0suTU24odbIEGLikQES', NULL, '2022-09-03 09:53:07', '2022-09-03 09:53:07');

-- --------------------------------------------------------

--
-- Tablo için tablo yapısı `user_roles`
--

CREATE TABLE `user_roles` (
  `id` int(10) UNSIGNED NOT NULL,
  `user_id` int(11) NOT NULL,
  `role_id` int(11) NOT NULL,
  `created_at` timestamp NULL DEFAULT NULL,
  `updated_at` timestamp NULL DEFAULT NULL
) ENGINE=InnoDB DEFAULT CHARSET=utf8mb4 COLLATE=utf8mb4_unicode_ci;

--
-- Tablo döküm verisi `user_roles`
--

INSERT INTO `user_roles` (`id`, `user_id`, `role_id`, `created_at`, `updated_at`) VALUES
(1, 1, 1, '2022-09-03 09:53:07', '2022-09-03 09:53:07');

--
-- Dökümü yapılmış tablolar için indeksler
--

--
-- Tablo için indeksler `categories`
--
ALTER TABLE `categories`
  ADD PRIMARY KEY (`id`);

--
-- Tablo için indeksler `failed_jobs`
--
ALTER TABLE `failed_jobs`
  ADD PRIMARY KEY (`id`),
  ADD UNIQUE KEY `failed_jobs_uuid_unique` (`uuid`);

--
-- Tablo için indeksler `migrations`
--
ALTER TABLE `migrations`
  ADD PRIMARY KEY (`id`);

--
-- Tablo için indeksler `oauth_access_tokens`
--
ALTER TABLE `oauth_access_tokens`
  ADD PRIMARY KEY (`id`),
  ADD KEY `oauth_access_tokens_user_id_index` (`user_id`);

--
-- Tablo için indeksler `oauth_auth_codes`
--
ALTER TABLE `oauth_auth_codes`
  ADD PRIMARY KEY (`id`),
  ADD KEY `oauth_auth_codes_user_id_index` (`user_id`);

--
-- Tablo için indeksler `oauth_clients`
--
ALTER TABLE `oauth_clients`
  ADD PRIMARY KEY (`id`),
  ADD KEY `oauth_clients_user_id_index` (`user_id`);

--
-- Tablo için indeksler `oauth_personal_access_clients`
--
ALTER TABLE `oauth_personal_access_clients`
  ADD PRIMARY KEY (`id`);

--
-- Tablo için indeksler `oauth_refresh_tokens`
--
ALTER TABLE `oauth_refresh_tokens`
  ADD PRIMARY KEY (`id`),
  ADD KEY `oauth_refresh_tokens_access_token_id_index` (`access_token_id`);

--
-- Tablo için indeksler `password_resets`
--
ALTER TABLE `password_resets`
  ADD KEY `password_resets_email_index` (`email`);

--
-- Tablo için indeksler `personal_access_tokens`
--
ALTER TABLE `personal_access_tokens`
  ADD PRIMARY KEY (`id`),
  ADD UNIQUE KEY `personal_access_tokens_token_unique` (`token`),
  ADD KEY `personal_access_tokens_tokenable_type_tokenable_id_index` (`tokenable_type`,`tokenable_id`);

--
-- Tablo için indeksler `roles`
--
ALTER TABLE `roles`
  ADD PRIMARY KEY (`id`);

--
-- Tablo için indeksler `users`
--
ALTER TABLE `users`
  ADD PRIMARY KEY (`id`),
  ADD UNIQUE KEY `users_email_unique` (`email`);

--
-- Tablo için indeksler `user_roles`
--
ALTER TABLE `user_roles`
  ADD PRIMARY KEY (`id`);

--
-- Dökümü yapılmış tablolar için AUTO_INCREMENT değeri
--

--
-- Tablo için AUTO_INCREMENT değeri `categories`
--
ALTER TABLE `categories`
  MODIFY `id` bigint(20) UNSIGNED NOT NULL AUTO_INCREMENT, AUTO_INCREMENT=73;

--
-- Tablo için AUTO_INCREMENT değeri `failed_jobs`
--
ALTER TABLE `failed_jobs`
  MODIFY `id` bigint(20) UNSIGNED NOT NULL AUTO_INCREMENT;

--
-- Tablo için AUTO_INCREMENT değeri `migrations`
--
ALTER TABLE `migrations`
  MODIFY `id` int(10) UNSIGNED NOT NULL AUTO_INCREMENT, AUTO_INCREMENT=38;

--
-- Tablo için AUTO_INCREMENT değeri `oauth_clients`
--
ALTER TABLE `oauth_clients`
  MODIFY `id` bigint(20) UNSIGNED NOT NULL AUTO_INCREMENT, AUTO_INCREMENT=5;

--
-- Tablo için AUTO_INCREMENT değeri `oauth_personal_access_clients`
--
ALTER TABLE `oauth_personal_access_clients`
  MODIFY `id` bigint(20) UNSIGNED NOT NULL AUTO_INCREMENT, AUTO_INCREMENT=3;

--
-- Tablo için AUTO_INCREMENT değeri `personal_access_tokens`
--
ALTER TABLE `personal_access_tokens`
  MODIFY `id` bigint(20) UNSIGNED NOT NULL AUTO_INCREMENT;

--
-- Tablo için AUTO_INCREMENT değeri `roles`
--
ALTER TABLE `roles`
  MODIFY `id` int(10) UNSIGNED NOT NULL AUTO_INCREMENT, AUTO_INCREMENT=2;

--
-- Tablo için AUTO_INCREMENT değeri `users`
--
ALTER TABLE `users`
  MODIFY `id` bigint(20) UNSIGNED NOT NULL AUTO_INCREMENT, AUTO_INCREMENT=2;

--
-- Tablo için AUTO_INCREMENT değeri `user_roles`
--
ALTER TABLE `user_roles`
  MODIFY `id` int(10) UNSIGNED NOT NULL AUTO_INCREMENT, AUTO_INCREMENT=2;
COMMIT;

/*!40101 SET CHARACTER_SET_CLIENT=@OLD_CHARACTER_SET_CLIENT */;
/*!40101 SET CHARACTER_SET_RESULTS=@OLD_CHARACTER_SET_RESULTS */;
/*!40101 SET COLLATION_CONNECTION=@OLD_COLLATION_CONNECTION */;
